
{
  "name": "Global Input",
  "version": "0.0.2",
  "manifest_version": 2,
  "description": "Global Input",
  "homepage_url": "https://globalinput.co.uk/",
  "browser_action":{
        "default_icon":{
            "32":"images/globalInput32.png",
            "24":"images/globalInput24.png",
            "16":"images/globalInput16.png"
        },
        "default_popup": "popup.html"
  },
  "permissions": [
      "activeTab"
  ],
  "background": {
    "scripts": ["eventPage.js"],
    "persistent": false
  },
  "content_scripts": [
        {
          "matches": [
            "<all_urls>"
          ],
          "js": ["qrcode.min.js",
                 "global-input-message.min.js",
                 "content.js"]
        }

 ]

}
